P10/P10total , P26/P26total , L
0.9901 , 0.9855 , 160
0.00238095 , 0.00242295 , 850
0.00079398 , 0.00080765 , 5000
0.00672507 , 0.0112694 , 500
